table,column,postgres_type,suggested_mysql_type,nullable,postgres_default,decision,notes
account_update_requests,id,bigint,BIGINT,No,nextval('document_update_requests_id_seq'::regclass),,
account_update_requests,user_id,bigint,BIGINT,No,,,
account_update_requests,status,"character varying(255)",VARCHAR(255),No,"'pending'::character varying",,
account_update_requests,reviewed_by,bigint,BIGINT,Yes,,,
account_update_requests,reviewed_at,"timestamp(0) without time zone",DATETIME(0),Yes,,,
account_update_requests,note,text,"LONGTEXT (review size)",Yes,,,
account_update_requests,created_at,"timestamp(0) without time zone",DATETIME(0),Yes,,,
account_update_requests,updated_at,"timestamp(0) without time zone",DATETIME(0),Yes,,,
account_update_requests,requested_changes,json,JSON,Yes,,,
account_update_requests,requested_documents,json,JSON,Yes,,,
announcements,id,uuid,CHAR(36),No,gen_random_uuid(),,
announcements,title,"character varying(255)",VARCHAR(255),No,,,
announcements,body,text,"LONGTEXT (review size)",No,,,
announcements,created_by,bigint,BIGINT,Yes,,,
announcements,is_active,boolean,"BOOLEAN (TINYINT(1))",Yes,true,,
announcements,published_at,"timestamp with time zone","DATETIME(6), normalize to UTC",Yes,now(),,
announcements,expires_at,"timestamp with time zone","DATETIME(6), normalize to UTC",Yes,,,
announcements,created_at,"timestamp(0) without time zone",DATETIME(0),Yes,,,
announcements,updated_at,"timestamp(0) without time zone",DATETIME(0),Yes,,,
announcements,audience,"character varying(255)",VARCHAR(255),No,"'all'::character varying",,
blocked_users,id,uuid,CHAR(36),No,gen_random_uuid(),,
blocked_users,blocker_id,bigint,BIGINT,No,,,
blocked_users,blocked_id,bigint,BIGINT,No,,,
blocked_users,created_at,"timestamp with time zone","DATETIME(6), normalize to UTC",No,now(),,
buyer_addresses,id,bigint,BIGINT,No,nextval('buyer_addresses_id_seq'::regclass),,
buyer_addresses,buyer_id,bigint,BIGINT,No,,,
buyer_addresses,label,"character varying(255)",VARCHAR(255),Yes,,,
buyer_addresses,recipient_name,"character varying(255)",VARCHAR(255),No,,,
buyer_addresses,contact_no,"character varying(255)",VARCHAR(255),Yes,,,
buyer_addresses,province,"character varying(255)",VARCHAR(255),No,,,
buyer_addresses,municipality,"character varying(255)",VARCHAR(255),No,,,
buyer_addresses,barangay,"character varying(255)",VARCHAR(255),No,,,
buyer_addresses,house_no,"character varying(255)",VARCHAR(255),Yes,,,
buyer_addresses,street,"character varying(255)",VARCHAR(255),Yes,,,
buyer_addresses,is_default,boolean,"BOOLEAN (TINYINT(1))",No,false,,
buyer_addresses,created_at,"timestamp(0) without time zone",DATETIME(0),Yes,,,
buyer_addresses,updated_at,"timestamp(0) without time zone",DATETIME(0),Yes,,,
buyer_payment_accounts,id,uuid,CHAR(36),No,,,
buyer_payment_accounts,buyer_id,bigint,BIGINT,No,,,
buyer_payment_accounts,type,"character varying(255)",VARCHAR(255),No,,,
buyer_payment_accounts,account_name,"character varying(255)",VARCHAR(255),No,,,
buyer_payment_accounts,account_number,"character varying(255)",VARCHAR(255),No,,,
buyer_payment_accounts,bank_name,"character varying(255)",VARCHAR(255),Yes,,,
buyer_payment_accounts,verified,boolean,"BOOLEAN (TINYINT(1))",No,false,,
buyer_payment_accounts,verified_at,"timestamp(0) without time zone",DATETIME(0),Yes,,,
buyer_payment_accounts,created_at,"timestamp(0) without time zone",DATETIME(0),Yes,,,
buyer_payment_accounts,updated_at,"timestamp(0) without time zone",DATETIME(0),Yes,,,
cache,key,"character varying(255)",VARCHAR(255),No,,,
cache,value,text,"LONGTEXT (review size)",No,,,
cache,expiration,integer,INT,No,,,
cache_locks,key,"character varying(255)",VARCHAR(255),No,,,
cache_locks,owner,"character varying(255)",VARCHAR(255),No,,,
cache_locks,expiration,integer,INT,No,,,
cart_items,id,uuid,CHAR(36),No,gen_random_uuid(),,
cart_items,buyer_id,bigint,BIGINT,No,,,
cart_items,product_id,uuid,CHAR(36),No,,,
cart_items,seller_slug,"character varying(255)",VARCHAR(255),No,,,
cart_items,seller,"character varying(255)",VARCHAR(255),No,,,
cart_items,name,"character varying(255)",VARCHAR(255),No,,,
cart_items,img,"character varying(255)",VARCHAR(255),Yes,,,
cart_items,price,"numeric(10,2)","DECIMAL(10,2)",No,,,
cart_items,qty,integer,INT,No,,,
cart_items,variation_value,"character varying(255)",VARCHAR(255),No,"''::character varying",,
cart_items,variation_group,"character varying(255)",VARCHAR(255),No,"''::character varying",,
cart_items,created_at,"timestamp(0) without time zone",DATETIME(0),Yes,,,
cart_items,updated_at,"timestamp(0) without time zone",DATETIME(0),Yes,,,
categories,id,bigint,BIGINT,No,,,
categories,name,text,"LONGTEXT (review size)",No,,,
category_seller,id,bigint,BIGINT,No,nextval('category_seller_id_seq'::regclass),,
category_seller,user_id,bigint,BIGINT,No,,,
category_seller,category_id,bigint,BIGINT,No,,,
category_seller,created_at,"timestamp(0) without time zone",DATETIME(0),Yes,,,
category_seller,updated_at,"timestamp(0) without time zone",DATETIME(0),Yes,,,
coin_transactions,id,uuid,CHAR(36),No,gen_random_uuid(),,
coin_transactions,user_id,bigint,BIGINT,No,,,
coin_transactions,delta,bigint,BIGINT,No,,,
coin_transactions,reason,text,"LONGTEXT (review size)",No,,,
coin_transactions,order_id,uuid,CHAR(36),Yes,,,
coin_transactions,review_id,uuid,CHAR(36),Yes,,,
coin_transactions,created_at,"timestamp with time zone","DATETIME(6), normalize to UTC",No,now(),,
commissions,id,uuid,CHAR(36),No,gen_random_uuid(),,
commissions,order_id,uuid,CHAR(36),No,,,
commissions,seller_id,bigint,BIGINT,No,,,
commissions,order_amount,"numeric(12,2)","DECIMAL(12,2)",No,,,
commissions,commission_rate,"numeric(5,2)","DECIMAL(5,2)",No,10.00,,
commissions,commission_amount,"numeric(12,2)","DECIMAL(12,2)",No,,,
commissions,seller_earnings,"numeric(12,2)","DECIMAL(12,2)",No,,,
commissions,created_at,"timestamp with time zone","DATETIME(6), normalize to UTC",Yes,now(),,
company_vehicles,id,bigint,BIGINT,No,nextval('company_vehicles_id_seq'::regclass),,
company_vehicles,company_name,"character varying(255)",VARCHAR(255),No,,,
company_vehicles,logistics_hub_id,bigint,BIGINT,No,,,
company_vehicles,vehicle_type,"character varying(255)",VARCHAR(255),No,,,
company_vehicles,brand,"character varying(255)",VARCHAR(255),No,,,
company_vehicles,model,"character varying(255)",VARCHAR(255),No,,,
company_vehicles,plate_number,"character varying(255)",VARCHAR(255),No,,,
company_vehicles,status,"character varying(255)",VARCHAR(255),No,"'pending'::character varying",,
company_vehicles,status_reason,text,"LONGTEXT (review size)",Yes,,,
company_vehicles,is_available,boolean,"BOOLEAN (TINYINT(1))",No,true,,
company_vehicles,submitted_by,bigint,BIGINT,No,,,
company_vehicles,reviewed_by,bigint,BIGINT,Yes,,,
company_vehicles,reviewed_at,"timestamp(0) without time zone",DATETIME(0),Yes,,,
company_vehicles,created_at,"timestamp(0) without time zone",DATETIME(0),Yes,,,
company_vehicles,updated_at,"timestamp(0) without time zone",DATETIME(0),Yes,,,
company_vehicles,platform_status,"character varying(255)",VARCHAR(255),No,"'pending'::character varying",,
company_vehicles,platform_status_reason,text,"LONGTEXT (review size)",Yes,,,
company_vehicles,platform_reviewed_by,bigint,BIGINT,Yes,,,
company_vehicles,platform_reviewed_at,"timestamp(0) without time zone",DATETIME(0),Yes,,,
complaints,id,uuid,CHAR(36),No,gen_random_uuid(),,
complaints,order_id,uuid,CHAR(36),Yes,,,
complaints,complainant_id,bigint,BIGINT,No,,,
complaints,respondent_id,bigint,BIGINT,Yes,,,
complaints,complaint_type,"character varying(100)",VARCHAR(100),Yes,,,
complaints,subject,"character varying(255)",VARCHAR(255),Yes,,,
complaints,description,text,"LONGTEXT (review size)",Yes,,,
complaints,status,"character varying(30)",VARCHAR(30),Yes,"'open'::character varying",,
complaints,resolution,text,"LONGTEXT (review size)",Yes,,,
complaints,handled_by,bigint,BIGINT,Yes,,,
complaints,created_at,"timestamp with time zone","DATETIME(6), normalize to UTC",Yes,now(),,
complaints,resolved_at,"timestamp with time zone","DATETIME(6), normalize to UTC",Yes,,,
complaints,message_id,bigint,BIGINT,Yes,,,
complaints,shop_name,"character varying(255)",VARCHAR(255),Yes,,,
complaints,message_body,text,"LONGTEXT (review size)",Yes,,,
complaints,message_type,"character varying(255)",VARCHAR(255),Yes,,,
complaints,evidence_path,"character varying(255)",VARCHAR(255),Yes,,,
complaints,evidence_name,"character varying(255)",VARCHAR(255),Yes,,,
complaints,evidence_mime,"character varying(255)",VARCHAR(255),Yes,,,
complaints,evidence_type,"character varying(255)",VARCHAR(255),Yes,,,
complaints,evidence_size,bigint,BIGINT,Yes,,,
delivery_assignments,id,uuid,CHAR(36),No,gen_random_uuid(),,
delivery_assignments,shipment_id,uuid,CHAR(36),No,,,
delivery_assignments,courier_id,bigint,BIGINT,Yes,,,
delivery_assignments,status,"character varying(30)",VARCHAR(30),No,"'requested'::character varying",,
delivery_assignments,requested_at,"timestamp with time zone","DATETIME(6), normalize to UTC",Yes,now(),,
delivery_assignments,accepted_at,"timestamp with time zone","DATETIME(6), normalize to UTC",Yes,,,
delivery_assignments,picked_up_at,"timestamp with time zone","DATETIME(6), normalize to UTC",Yes,,,
delivery_assignments,delivered_at,"timestamp with time zone","DATETIME(6), normalize to UTC",Yes,,,
delivery_assignments,scheduled_pickup_at,"timestamp(0) without time zone",DATETIME(0),Yes,,,
delivery_assignments,leg,"character varying(255)",VARCHAR(255),No,"'delivery'::character varying",,
document_update_requests,id,bigint,BIGINT,No,nextval('document_update_requests_id_seq1'::regclass),,
document_update_requests,user_id,bigint,BIGINT,No,,,
document_update_requests,id_type_id,"character varying(255)",VARCHAR(255),Yes,,,
document_update_requests,id_file,"character varying(255)",VARCHAR(255),Yes,,,
document_update_requests,business_permit_file,"character varying(255)",VARCHAR(255),Yes,,,
document_update_requests,status,"character varying(255)",VARCHAR(255),No,"'pending'::character varying",,
document_update_requests,reviewed_by,bigint,BIGINT,Yes,,,
document_update_requests,reviewed_at,"timestamp(0) without time zone",DATETIME(0),Yes,,,
document_update_requests,note,text,"LONGTEXT (review size)",Yes,,,
document_update_requests,created_at,"timestamp(0) without time zone",DATETIME(0),Yes,,,
document_update_requests,updated_at,"timestamp(0) without time zone",DATETIME(0),Yes,,,
id_types,id,bigint,BIGINT,No,,,
id_types,name,text,"LONGTEXT (review size)",No,,,
logistics_centers,id,bigint,BIGINT,No,nextval('logistics_centers_id_seq'::regclass),,
logistics_centers,name,"character varying(255)",VARCHAR(255),Yes,,,
logistics_centers,address,text,"LONGTEXT (review size)",Yes,,,
logistics_centers,contact_no,"character varying(255)",VARCHAR(255),Yes,,,
logistics_centers,hours_note,"character varying(255)",VARCHAR(255),Yes,,,
logistics_centers,updated_by,bigint,BIGINT,Yes,,,
logistics_centers,created_at,"timestamp(0) without time zone",DATETIME(0),Yes,,,
logistics_centers,updated_at,"timestamp(0) without time zone",DATETIME(0),Yes,,,
logistics_centers,location,text,"LONGTEXT (review size)",Yes,,,
logistics_centers,accepting_applications,boolean,"BOOLEAN (TINYINT(1))",No,true,,
logistics_centers,available_slots,integer,INT,No,0,,
logistics_centers,service_area,text,"LONGTEXT (review size)",Yes,,,
logistics_hubs,id,bigint,BIGINT,No,nextval('logistics_hubs_id_seq'::regclass),,
logistics_hubs,company_name,"character varying(255)",VARCHAR(255),No,,,
logistics_hubs,province,"character varying(255)",VARCHAR(255),No,,,
logistics_hubs,municipality,"character varying(255)",VARCHAR(255),No,,,
logistics_hubs,created_at,"timestamp(0) without time zone",DATETIME(0),Yes,,,
logistics_hubs,updated_at,"timestamp(0) without time zone",DATETIME(0),Yes,,,
logistics_hubs,is_regional_hub,boolean,"BOOLEAN (TINYINT(1))",No,false,,
logistics_hubs,is_hiring,boolean,"BOOLEAN (TINYINT(1))",No,true,,
message_reactions,id,uuid,CHAR(36),No,gen_random_uuid(),,
message_reactions,message_id,bigint,BIGINT,No,,,
message_reactions,user_id,bigint,BIGINT,No,,,
message_reactions,emoji,text,"LONGTEXT (review size)",No,,,
message_reactions,created_at,"timestamp with time zone","DATETIME(6), normalize to UTC",No,now(),,
messages,id,bigint,BIGINT,No,nextval('messages_id_seq'::regclass),,
messages,sender_id,bigint,BIGINT,No,,,
messages,receiver_id,bigint,BIGINT,No,,,
messages,body,text,"LONGTEXT (review size)",Yes,,,
messages,read,boolean,"BOOLEAN (TINYINT(1))",No,false,,
messages,created_at,"timestamp(0) without time zone",DATETIME(0),Yes,,,
messages,updated_at,"timestamp(0) without time zone",DATETIME(0),Yes,,,
messages,product_id,uuid,CHAR(36),Yes,,,
messages,attachment_path,"character varying(255)",VARCHAR(255),Yes,,,
messages,attachment_name,"character varying(255)",VARCHAR(255),Yes,,,
messages,attachment_type,"character varying(255)",VARCHAR(255),Yes,,,
messages,attachment_mime,"character varying(255)",VARCHAR(255),Yes,,,
messages,attachment_size,bigint,BIGINT,Yes,,,
messages,variation_label,"character varying(255)",VARCHAR(255),Yes,,,
messages,variation_price,"numeric(10,2)","DECIMAL(10,2)",Yes,,,
messages,variation_image,"character varying(255)",VARCHAR(255),Yes,,,
messages,reply_to_id,bigint,BIGINT,Yes,,,
messages,order_id,uuid,CHAR(36),Yes,,,
messages,reactions,json,JSON,Yes,,,
migrations,id,integer,INT,No,nextval('migrations_id_seq'::regclass),,
migrations,migration,"character varying(255)",VARCHAR(255),No,,,
migrations,batch,integer,INT,No,,,
notifications,id,uuid,CHAR(36),No,gen_random_uuid(),,
notifications,user_id,bigint,BIGINT,No,,,
notifications,title,"character varying(255)",VARCHAR(255),No,,,
notifications,message,text,"LONGTEXT (review size)",No,,,
notifications,notification_type,"character varying(50)",VARCHAR(50),Yes,,,
notifications,reference_id,uuid,CHAR(36),Yes,,,
notifications,is_read,boolean,"BOOLEAN (TINYINT(1))",Yes,false,,
notifications,created_at,"timestamp with time zone","DATETIME(6), normalize to UTC",Yes,now(),,
order_status_history,id,uuid,CHAR(36),No,gen_random_uuid(),,
order_status_history,order_id,uuid,CHAR(36),No,,,
order_status_history,status,"character varying(30)",VARCHAR(30),No,,,
order_status_history,changed_by,bigint,BIGINT,Yes,,,
order_status_history,notes,text,"LONGTEXT (review size)",Yes,,,
order_status_history,created_at,"timestamp with time zone","DATETIME(6), normalize to UTC",Yes,now(),,
orders,id,uuid,CHAR(36),No,gen_random_uuid(),,
orders,buyer_id,bigint,BIGINT,No,,,
orders,subtotal,"numeric(12,2)","DECIMAL(12,2)",No,0,,
orders,discount_amount,"numeric(12,2)","DECIMAL(12,2)",No,0,,
orders,shipping_fee,"numeric(12,2)","DECIMAL(12,2)",No,0,,
orders,payment_method,"character varying(50)",VARCHAR(50),No,,,
orders,updated_at,"timestamp with time zone","DATETIME(6), normalize to UTC",Yes,now(),,
orders,order_number,"character varying(255)",VARCHAR(255),Yes,,,
orders,seller_id,bigint,BIGINT,Yes,,,
orders,status,"character varying(255)",VARCHAR(255),No,"'to_ship'::character varying",,
orders,items,json,JSON,Yes,,,
orders,shipping_amount,"numeric(12,2)","DECIMAL(12,2)",No,'0'::numeric,,
orders,total,"numeric(12,2)","DECIMAL(12,2)",No,'0'::numeric,,
orders,shipping_address,json,JSON,Yes,,,
orders,payment_method_id,bigint,BIGINT,Yes,,,
orders,created_at,"timestamp(0) without time zone",DATETIME(0),Yes,,,
orders,cancellation_reason,"character varying(255)",VARCHAR(255),Yes,,,
orders,cancellation_note,text,"LONGTEXT (review size)",Yes,,,
orders,buyer_note,text,"LONGTEXT (review size)",Yes,,,
orders,voucher_code,"character varying(255)",VARCHAR(255),Yes,,,
orders,app_buyer_id,bigint,BIGINT,Yes,,,
orders,app_seller_id,bigint,BIGINT,Yes,,,
orders,coins_used,bigint,BIGINT,No,0,,
orders,coin_discount_amount,numeric,"DECIMAL (choose precision/scale)",No,0,,
orders,platform_voucher_id,uuid,CHAR(36),Yes,,,
orders,platform_discount_amount,numeric,"DECIMAL (choose precision/scale)",No,0,,
payment_methods,id,bigint,BIGINT,No,nextval('payment_methods_id_seq'::regclass),,
payment_methods,name,"character varying(255)",VARCHAR(255),No,,,
payment_methods,description,"character varying(255)",VARCHAR(255),Yes,,,
payment_methods,is_active,boolean,"BOOLEAN (TINYINT(1))",No,true,,
payment_methods,sort_order,integer,INT,No,0,,
payment_methods,created_at,"timestamp(0) without time zone",DATETIME(0),Yes,,,
payment_methods,updated_at,"timestamp(0) without time zone",DATETIME(0),Yes,,,
payment_methods,type,"character varying(255)",VARCHAR(255),No,"'other'::character varying",,
payment_methods,requires_verification,boolean,"BOOLEAN (TINYINT(1))",No,false,,
payment_verifications,id,uuid,CHAR(36),No,gen_random_uuid(),,
payment_verifications,order_id,uuid,CHAR(36),No,,,
payment_verifications,buyer_id,bigint,BIGINT,No,,,
payment_verifications,reference_number,text,"LONGTEXT (review size)",No,,,
payment_verifications,proof_path,text,"LONGTEXT (review size)",No,,,
payment_verifications,status,text,"LONGTEXT (review size)",No,'submitted'::text,,
payment_verifications,rejection_reason,text,"LONGTEXT (review size)",Yes,,,
payment_verifications,submitted_at,"timestamp with time zone","DATETIME(6), normalize to UTC",No,now(),,
payment_verifications,reviewed_at,"timestamp with time zone","DATETIME(6), normalize to UTC",Yes,,,
payment_verifications,created_at,"timestamp with time zone","DATETIME(6), normalize to UTC",No,now(),,
payment_verifications,updated_at,"timestamp with time zone","DATETIME(6), normalize to UTC",No,now(),,
platform_vouchers,id,uuid,CHAR(36),No,gen_random_uuid(),,
platform_vouchers,title,text,"LONGTEXT (review size)",No,,,
platform_vouchers,description,text,"LONGTEXT (review size)",Yes,,,
platform_vouchers,type,text,"LONGTEXT (review size)",No,,,
platform_vouchers,discount_amount,numeric,"DECIMAL (choose precision/scale)",Yes,,,
platform_vouchers,discount_percent,numeric,"DECIMAL (choose precision/scale)",Yes,,,
platform_vouchers,minimum_spend,numeric,"DECIMAL (choose precision/scale)",Yes,,,
platform_vouchers,expires_at,date,DATE,Yes,,,
platform_vouchers,usage_limit,integer,INT,Yes,,,
platform_vouchers,used_count,integer,INT,No,0,,
platform_vouchers,is_active,boolean,"BOOLEAN (TINYINT(1))",No,true,,
platform_vouchers,created_at,"timestamp with time zone","DATETIME(6), normalize to UTC",No,now(),,
policies,id,bigint,BIGINT,No,nextval('policies_id_seq'::regclass),,
policies,type,"character varying(255)",VARCHAR(255),No,,,
policies,title,"character varying(255)",VARCHAR(255),No,,,
policies,content,text,"LONGTEXT (review size)",Yes,,,
policies,updated_by,bigint,BIGINT,Yes,,,
policies,created_at,"timestamp(0) without time zone",DATETIME(0),Yes,,,
policies,updated_at,"timestamp(0) without time zone",DATETIME(0),Yes,,,
policies,history,json,JSON,Yes,,,
policies,account_type,"character varying(255)",VARCHAR(255),Yes,,,
policies,company_name,"character varying(255)",VARCHAR(255),Yes,,,
policies,pending_content,text,"LONGTEXT (review size)",Yes,,,
policies,pending_submitted_by,bigint,BIGINT,Yes,,,
policies,pending_submitted_at,"timestamp(0) without time zone",DATETIME(0),Yes,,,
policies,rejection_reason,"character varying(255)",VARCHAR(255),Yes,,,
product_images,id,uuid,CHAR(36),No,,,
product_images,product_id,uuid,CHAR(36),No,,,
product_images,image_url,"character varying(255)",VARCHAR(255),No,,,
product_images,is_primary,boolean,"BOOLEAN (TINYINT(1))",No,false,,
product_images,sort_order,integer,INT,No,0,,
products,id,uuid,CHAR(36),No,gen_random_uuid(),,
products,seller_id,bigint,BIGINT,No,,,
products,category_id,bigint,BIGINT,No,,,
products,name,"character varying(255)",VARCHAR(255),No,,,
products,description,text,"LONGTEXT (review size)",Yes,,,
products,price,"numeric(12,2)","DECIMAL(12,2)",No,,,
products,sku,"character varying(100)",VARCHAR(100),Yes,,,
products,status,"character varying(20)",VARCHAR(20),No,"'active'::character varying",,
products,created_at,"timestamp with time zone","DATETIME(6), normalize to UTC",Yes,now(),,
products,updated_at,"timestamp with time zone","DATETIME(6), normalize to UTC",Yes,now(),,
products,rejection_note,text,"LONGTEXT (review size)",Yes,,,
products,image,"character varying(255)",VARCHAR(255),Yes,,,
products,variations,jsonb,JSON,Yes,,,
products,details,jsonb,JSON,Yes,,,
products,stock,integer,INT,No,0,,
products,weight_grams,integer,INT,No,0,,
products,length_cm,"numeric(6,1)","DECIMAL(6,1)",Yes,,,
products,width_cm,"numeric(6,1)","DECIMAL(6,1)",Yes,,,
products,height_cm,"numeric(6,1)","DECIMAL(6,1)",Yes,,,
products,condition,"character varying(255)",VARCHAR(255),No,"'new'::character varying",,
products,images,jsonb,JSON,Yes,,,
products,video,"character varying(255)",VARCHAR(255),Yes,,,
products,weight_grams_max,integer,INT,Yes,,,
products,discount_price,"numeric(10,2)","DECIMAL(10,2)",Yes,,,
products,restock_date,date,DATE,Yes,,,
products,image_signature,vector(48),"JSON (requires vector/search redesign)",Yes,,,
reviews,id,uuid,CHAR(36),No,gen_random_uuid(),,
reviews,order_item_id,uuid,CHAR(36),Yes,,,
reviews,buyer_id,bigint,BIGINT,No,,,
reviews,seller_id,bigint,BIGINT,Yes,,,
reviews,product_id,uuid,CHAR(36),No,,,
reviews,rating,integer,INT,No,,,
reviews,comment,text,"LONGTEXT (review size)",Yes,,,
reviews,seller_reply,text,"LONGTEXT (review size)",Yes,,,
reviews,created_at,"timestamp with time zone","DATETIME(6), normalize to UTC",Yes,now(),,
reviews,order_id,uuid,CHAR(36),Yes,,,
rider_profiles,id,bigint,BIGINT,No,nextval('rider_profiles_id_seq'::regclass),,
rider_profiles,user_id,bigint,BIGINT,No,,,
rider_profiles,auth_method,"character varying(255)",VARCHAR(255),No,"'manual'::character varying",,
rider_profiles,google_id,"character varying(255)",VARCHAR(255),Yes,,,
rider_profiles,username,"character varying(255)",VARCHAR(255),Yes,,,
rider_profiles,last_name,"character varying(255)",VARCHAR(255),No,,,
rider_profiles,given_names,"character varying(255)",VARCHAR(255),No,,,
rider_profiles,middle_name,"character varying(255)",VARCHAR(255),Yes,,,
rider_profiles,sex,"character varying(255)",VARCHAR(255),No,,,
rider_profiles,birthday,date,DATE,No,,,
rider_profiles,age,smallint,SMALLINT,No,,,
rider_profiles,email,"character varying(255)",VARCHAR(255),No,,,
rider_profiles,contact_no,"character varying(11)",VARCHAR(11),No,,,
rider_profiles,province,"character varying(255)",VARCHAR(255),No,,,
rider_profiles,municipality,"character varying(255)",VARCHAR(255),No,,,
rider_profiles,barangay,"character varying(255)",VARCHAR(255),No,,,
rider_profiles,house_no,"character varying(255)",VARCHAR(255),Yes,,,
rider_profiles,street,"character varying(255)",VARCHAR(255),Yes,,,
rider_profiles,password,"character varying(255)",VARCHAR(255),Yes,,,
rider_profiles,id_file,"character varying(255)",VARCHAR(255),Yes,,,
rider_profiles,id_type_id,bigint,BIGINT,Yes,,,
rider_profiles,selfie_file,"character varying(255)",VARCHAR(255),Yes,,,
rider_profiles,vehicle_type,"character varying(255)",VARCHAR(255),No,,,
rider_profiles,vehicle_brand,"character varying(255)",VARCHAR(255),Yes,,,
rider_profiles,vehicle_model,"character varying(255)",VARCHAR(255),Yes,,,
rider_profiles,plate_number,"character varying(255)",VARCHAR(255),Yes,,,
rider_profiles,or_file,"character varying(255)",VARCHAR(255),Yes,,,
rider_profiles,cr_file,"character varying(255)",VARCHAR(255),Yes,,,
rider_profiles,license_number,"character varying(255)",VARCHAR(255),Yes,,,
rider_profiles,license_expiry,date,DATE,Yes,,,
rider_profiles,license_file,"character varying(255)",VARCHAR(255),Yes,,,
rider_profiles,status,"character varying(255)",VARCHAR(255),No,"'pending'::character varying",,
rider_profiles,created_at,"timestamp(0) without time zone",DATETIME(0),Yes,,,
rider_profiles,updated_at,"timestamp(0) without time zone",DATETIME(0),Yes,,,
sessions,id,"character varying(255)",VARCHAR(255),No,,,
sessions,user_id,bigint,BIGINT,Yes,,,
sessions,ip_address,"character varying(45)",VARCHAR(45),Yes,,,
sessions,user_agent,text,"LONGTEXT (review size)",Yes,,,
sessions,payload,text,"LONGTEXT (review size)",No,,,
sessions,last_activity,integer,INT,No,,,
settings,id,bigint,BIGINT,No,nextval('settings_id_seq'::regclass),,
settings,platform_name,"character varying(255)",VARCHAR(255),No,"'PocketFinds'::character varying",,
settings,support_email,"character varying(255)",VARCHAR(255),No,"'anchetanicole1020@gmail.com'::character varying",,
settings,commission_rate,"numeric(5,2)","DECIMAL(5,2)",No,'10'::numeric,,
settings,google_signin_enabled,boolean,"BOOLEAN (TINYINT(1))",No,true,,
settings,new_registrations_enabled,boolean,"BOOLEAN (TINYINT(1))",No,true,,
settings,maintenance_mode,boolean,"BOOLEAN (TINYINT(1))",No,false,,
settings,email_notifications_enabled,boolean,"BOOLEAN (TINYINT(1))",No,true,,
settings,updated_by,bigint,BIGINT,Yes,,,
settings,created_at,"timestamp(0) without time zone",DATETIME(0),Yes,,,
settings,updated_at,"timestamp(0) without time zone",DATETIME(0),Yes,,,
settings,hero_image,"character varying(255)",VARCHAR(255),Yes,,,
settings,hero_label,"character varying(100)",VARCHAR(100),Yes,"'Local Marketplace · Philippines'::character varying",,
settings,hero_tagline,"character varying(200)",VARCHAR(200),Yes,"'Find It. Love It. Pocket It.'::character varying",,
settings,hero_subtitle,"character varying(500)",VARCHAR(500),Yes,"'Browse products from verified local sellers — pet supplies, electronics, fashion, home essentials, and more.'::character varying",,
settings,hero_cta_text,"character varying(80)",VARCHAR(80),Yes,"'Browse Products'::character varying",,
settings,hero_overlay,"character varying(30)",VARCHAR(30),Yes,"'dark'::character varying",,
shipment_hub_legs,id,uuid,CHAR(36),No,gen_random_uuid(),,
shipment_hub_legs,shipment_id,uuid,CHAR(36),No,,,
shipment_hub_legs,sequence,integer,INT,No,,,
shipment_hub_legs,leg_type,"character varying(255)",VARCHAR(255),No,,,
shipment_hub_legs,from_hub,"character varying(255)",VARCHAR(255),No,,,
shipment_hub_legs,to_hub,"character varying(255)",VARCHAR(255),No,,,
shipment_hub_legs,rider_id,bigint,BIGINT,Yes,,,
shipment_hub_legs,status,"character varying(255)",VARCHAR(255),No,"'pending'::character varying",,
shipment_hub_legs,started_at,"timestamp(0) without time zone",DATETIME(0),Yes,,,
shipment_hub_legs,completed_at,"timestamp(0) without time zone",DATETIME(0),Yes,,,
shipment_hub_legs,created_at,"timestamp(0) without time zone",DATETIME(0),Yes,,,
shipment_hub_legs,updated_at,"timestamp(0) without time zone",DATETIME(0),Yes,,,
shipment_hub_legs,requested_at,"timestamp(0) without time zone",DATETIME(0),Yes,,,
shipment_hub_legs,requested_by,bigint,BIGINT,Yes,,,
shipment_hub_legs,approved_at,"timestamp(0) without time zone",DATETIME(0),Yes,,,
shipment_hub_legs,approved_by,bigint,BIGINT,Yes,,,
shipment_hub_legs,rider_confirmed_pickup_at,"timestamp(0) without time zone",DATETIME(0),Yes,,,
shipments,id,uuid,CHAR(36),No,gen_random_uuid(),,
shipments,order_id,uuid,CHAR(36),No,,,
shipments,tracking_number,"character varying(100)",VARCHAR(100),Yes,,,
shipments,courier_id,bigint,BIGINT,Yes,,,
shipments,shipping_status,"character varying(30)",VARCHAR(30),Yes,"'pending'::character varying",,
shipments,picked_up_at,"timestamp with time zone","DATETIME(6), normalize to UTC",Yes,,,
shipments,in_transit_at,"timestamp with time zone","DATETIME(6), normalize to UTC",Yes,,,
shipments,out_for_delivery_at,"timestamp with time zone","DATETIME(6), normalize to UTC",Yes,,,
shipments,delivered_at,"timestamp with time zone","DATETIME(6), normalize to UTC",Yes,,,
shipments,created_at,"timestamp with time zone","DATETIME(6), normalize to UTC",Yes,now(),,
shipments,updated_at,"timestamp(0) without time zone",DATETIME(0),Yes,,,
shipments,scheduled_pickup_at,"timestamp(0) without time zone",DATETIME(0),Yes,,,
shipments,delivery_fee,numeric,"DECIMAL (choose precision/scale)",Yes,,,
shipments,pickup_rider_id,bigint,BIGINT,Yes,,,
shipments,sorted_area,"character varying(255)",VARCHAR(255),Yes,,,
shipments,delivery_failed_reason,text,"LONGTEXT (review size)",Yes,,,
shipments,at_sorting_center_at,"timestamp(0) without time zone",DATETIME(0),Yes,,,
shipments,sorted_at,"timestamp(0) without time zone",DATETIME(0),Yes,,,
shipments,assigned_at,"timestamp(0) without time zone",DATETIME(0),Yes,,,
shipments,delivery_failed_at,"timestamp(0) without time zone",DATETIME(0),Yes,,,
shipments,returned_at,"timestamp(0) without time zone",DATETIME(0),Yes,,,
shipments,pickup_approved_at,"timestamp(0) without time zone",DATETIME(0),Yes,,,
shipments,logistics_company,"character varying(255)",VARCHAR(255),Yes,,,
shipments,origin_hub,"character varying(255)",VARCHAR(255),Yes,,,
shipments,destination_hub,"character varying(255)",VARCHAR(255),Yes,,,
shipments,hub_transfer_rider_id,bigint,BIGINT,Yes,,,
shipments,hub_transfer_started_at,"timestamp(0) without time zone",DATETIME(0),Yes,,,
shipments,hub_transfer_completed_at,"timestamp(0) without time zone",DATETIME(0),Yes,,,
shipments,origin_province,"character varying(255)",VARCHAR(255),Yes,,,
shipments,destination_province,"character varying(255)",VARCHAR(255),Yes,,,
shipments,seller_confirmed_pickup_at,"timestamp(0) without time zone",DATETIME(0),Yes,,,
shipments,rider_confirmed_pickup_at,"timestamp(0) without time zone",DATETIME(0),Yes,,,
shop_follows,id,uuid,CHAR(36),No,gen_random_uuid(),,
shop_follows,buyer_id,bigint,BIGINT,No,,,
shop_follows,seller_id,bigint,BIGINT,No,,,
shop_follows,created_at,"timestamp with time zone","DATETIME(6), normalize to UTC",No,now(),,
unserviceable_areas,id,bigint,BIGINT,No,nextval('unserviceable_areas_id_seq'::regclass),,
unserviceable_areas,municipality,"character varying(255)",VARCHAR(255),No,,,
unserviceable_areas,note,text,"LONGTEXT (review size)",Yes,,,
unserviceable_areas,added_by,bigint,BIGINT,Yes,,,
unserviceable_areas,created_at,"timestamp(0) without time zone",DATETIME(0),Yes,,,
unserviceable_areas,updated_at,"timestamp(0) without time zone",DATETIME(0),Yes,,,
users,id,bigint,BIGINT,No,nextval('users_id_seq'::regclass),,
users,account_type,"character varying(255)",VARCHAR(255),No,"'buyer'::character varying",,
users,auth_method,"character varying(255)",VARCHAR(255),No,"'manual'::character varying",,
users,google_id,"character varying(255)",VARCHAR(255),Yes,,,
users,last_name,"character varying(255)",VARCHAR(255),No,,,
users,given_names,"character varying(255)",VARCHAR(255),No,,,
users,middle_name,"character varying(50)",VARCHAR(50),Yes,,,
users,sex,"character varying(255)",VARCHAR(255),No,,,
users,birthday,date,DATE,No,,,
users,age,smallint,SMALLINT,No,,,
users,email,"character varying(255)",VARCHAR(255),No,,,
users,contact_no,"character varying(11)",VARCHAR(11),No,,,
users,province,"character varying(255)",VARCHAR(255),No,,,
users,municipality,"character varying(255)",VARCHAR(255),No,,,
users,barangay,"character varying(255)",VARCHAR(255),No,,,
users,house_no,"character varying(255)",VARCHAR(255),Yes,,,
users,street,"character varying(255)",VARCHAR(255),Yes,,,
users,password,"character varying(255)",VARCHAR(255),Yes,,,
users,id_file,"character varying(255)",VARCHAR(255),Yes,,,
users,status,"character varying(255)",VARCHAR(255),No,"'pending'::character varying",,
users,remember_token,"character varying(100)",VARCHAR(100),Yes,,,
users,created_at,"timestamp(0) without time zone",DATETIME(0),Yes,,,
users,updated_at,"timestamp(0) without time zone",DATETIME(0),Yes,,,
users,is_admin,boolean,"BOOLEAN (TINYINT(1))",No,false,,
users,is_logistics,boolean,"BOOLEAN (TINYINT(1))",No,false,,
users,profile_picture,"character varying(255)",VARCHAR(255),Yes,,,
users,username,"character varying(255)",VARCHAR(255),Yes,,,
users,id_type_id,bigint,BIGINT,Yes,,,
users,selfie_file,"character varying(255)",VARCHAR(255),Yes,,,
users,business_name,"character varying(150)",VARCHAR(150),Yes,,,
users,business_permit_file,"character varying(255)",VARCHAR(255),Yes,,,
users,category_id,bigint,BIGINT,Yes,,,
users,category_other,"character varying(255)",VARCHAR(255),Yes,,,
users,vehicle_type,"character varying(255)",VARCHAR(255),Yes,,,
users,vehicle_brand,"character varying(255)",VARCHAR(255),Yes,,,
users,vehicle_model,"character varying(255)",VARCHAR(255),Yes,,,
users,plate_number,"character varying(255)",VARCHAR(255),Yes,,,
users,or_file,"character varying(255)",VARCHAR(255),Yes,,,
users,cr_file,"character varying(255)",VARCHAR(255),Yes,,,
users,license_number,"character varying(255)",VARCHAR(255),Yes,,,
users,license_expiry,date,DATE,Yes,,,
users,license_file,"character varying(255)",VARCHAR(255),Yes,,,
users,shipping_fee,"numeric(8,2)","DECIMAL(8,2)",Yes,,,
users,notify_new_requests,boolean,"BOOLEAN (TINYINT(1))",No,true,,
users,notify_unassigned_shipments,boolean,"BOOLEAN (TINYINT(1))",No,true,,
users,preferred_scanner,"character varying(255)",VARCHAR(255),No,"'both'::character varying",,
users,id_type,text,"LONGTEXT (review size)",Yes,,,
users,id_photo_path,text,"LONGTEXT (review size)",Yes,,,
users,selfie_photo_path,text,"LONGTEXT (review size)",Yes,,,
users,last_active_at,"timestamp with time zone","DATETIME(6), normalize to UTC",Yes,,,
users,facebook_url,text,"LONGTEXT (review size)",Yes,,,
users,instagram_url,text,"LONGTEXT (review size)",Yes,,,
users,twitter_url,text,"LONGTEXT (review size)",Yes,,,
users,tiktok_url,text,"LONGTEXT (review size)",Yes,,,
users,notify_enabled,boolean,"BOOLEAN (TINYINT(1))",No,true,,
users,region,text,"LONGTEXT (review size)",Yes,,,
users,vehicle_ownership,"character varying(255)",VARCHAR(255),Yes,,,
users,company_logo,"character varying(255)",VARCHAR(255),Yes,,,
users,status_reason,text,"LONGTEXT (review size)",Yes,,,
users,is_online,boolean,"BOOLEAN (TINYINT(1))",No,false,,
users,logistics_center_id,bigint,BIGINT,Yes,,,
users,or_cr_path,text,"LONGTEXT (review size)",Yes,,,
users,license_photo_path,text,"LONGTEXT (review size)",Yes,,,
users,suffix,"character varying(255)",VARCHAR(255),Yes,,,
users,logistics_role,"character varying(255)",VARCHAR(255),Yes,,,
users,logistics_hub_id,bigint,BIGINT,Yes,,,
users,resume_file,"character varying(2048)",VARCHAR(2048),Yes,,,
users,interview_scheduled_at,"timestamp(0) without time zone",DATETIME(0),Yes,,,
users,interview_location,"character varying(255)",VARCHAR(255),Yes,,,
users,theme,"character varying(10)",VARCHAR(10),No,"'system'::character varying",,
users,preferred_language,"character varying(10)",VARCHAR(10),No,"'en'::character varying",,
vehicle_types,id,bigint,BIGINT,No,nextval('vehicle_types_id_seq'::regclass),,
vehicle_types,slug,"character varying(255)",VARCHAR(255),No,,,
vehicle_types,name,"character varying(255)",VARCHAR(255),No,,,
vehicle_types,requires_documents,boolean,"BOOLEAN (TINYINT(1))",No,true,,
vehicle_types,created_at,"timestamp(0) without time zone",DATETIME(0),Yes,,,
vehicle_types,updated_at,"timestamp(0) without time zone",DATETIME(0),Yes,,,
vouchers,id,uuid,CHAR(36),No,,,
vouchers,seller_id,bigint,BIGINT,No,,,
vouchers,code,"character varying(255)",VARCHAR(255),No,,,
vouchers,discount_amount,"numeric(10,2)","DECIMAL(10,2)",Yes,,,
vouchers,minimum_spend,"numeric(10,2)","DECIMAL(10,2)",No,'0'::numeric,,
vouchers,usage_limit,integer,INT,Yes,,,
vouchers,used_count,integer,INT,No,0,,
vouchers,expires_at,date,DATE,Yes,,,
vouchers,is_active,boolean,"BOOLEAN (TINYINT(1))",No,true,,
vouchers,created_at,"timestamp(0) without time zone",DATETIME(0),Yes,,,
vouchers,updated_at,"timestamp(0) without time zone",DATETIME(0),Yes,,,
vouchers,type,"character varying(255)",VARCHAR(255),No,"'amount'::character varying",,
wishlist_items,id,uuid,CHAR(36),No,gen_random_uuid(),,
wishlist_items,buyer_id,bigint,BIGINT,No,,,
wishlist_items,product_id,uuid,CHAR(36),No,,,
wishlist_items,created_at,"timestamp with time zone","DATETIME(6), normalize to UTC",No,now(),,
